index,y_true,y_pred
0,0.053662512,0.07034072
1,0.054568823,0.06767227
2,0.055475164,0.0691517
3,0.056381505,0.07020527
4,0.057287816,0.06806181
5,0.058194157,0.068590984
6,0.059100468,0.069836974
7,0.06000681,0.06836465
8,0.06091312,0.06837712
9,0.061819457,0.068281546
10,0.0627258,0.06645945
11,0.06363211,0.06843637
12,0.06453845,0.069974944
13,0.06544476,0.068562746
14,0.0663511,0.06821655
15,0.06725741,0.06827159
16,0.06816375,0.067010134
17,0.06907009,0.06806028
18,0.069976404,0.06730895
19,0.070882745,0.06740685
20,0.071789056,0.069831505
21,0.0726954,0.068004414
22,0.07360171,0.06568231
23,0.07391095,0.068230614
24,0.07343934,0.07053575
25,0.07296775,0.06961334
26,0.07249617,0.067793325
27,0.072024554,0.0689196
28,0.07155297,0.0697528
29,0.071081385,0.06729315
30,0.07060977,0.06846592
31,0.070138186,0.07040514
32,0.06966657,0.06921771
33,0.06919499,0.068464205
34,0.069294184,0.069881245
35,0.07013982,0.071466014
36,0.07098543,0.07101902
37,0.07183104,0.06899494
38,0.072676644,0.06732245
39,0.073522285,0.06775203
40,0.074367896,0.06852791
41,0.0752135,0.067883894
42,0.07605911,0.06828648
43,0.07690475,0.06858666
44,0.077750355,0.068377376
45,0.08376218,0.06866896
46,0.096529745,0.070054024
47,0.10929735,0.070746645
48,0.12206492,0.06865941
49,0.10705315,0.06880915
50,0.07080402,0.07137801
51,0.05428741,0.07187587
52,0.037770785,0.070986554
53,0.031628232,0.070875496
54,0.03905176,0.07162592
55,0.046475302,0.07255085
56,0.05389883,0.07092558
57,0.06132237,0.068016484
58,0.06874591,0.06698494
59,0.076169424,0.06764555
60,0.078994915,0.06845702
61,0.075807594,0.070492715
62,0.07262028,0.0696975
63,0.06943297,0.06721395
64,0.06624565,0.06853072
65,0.06305831,0.06881091
66,0.05987099,0.06937821
67,0.056683674,0.06941527
68,0.05349636,0.067360654
69,0.05030903,0.06719898
70,0.0471217,0.07008898
71,0.04974165,0.072344944
72,0.059955712,0.07016879
73,0.07016978,0.0674966
74,0.080383845,0.067878544
75,0.090597935,0.06892958
76,0.09522318,0.0708953
77,0.092539966,0.07097255
78,0.08985676,0.068685636
79,0.08717355,0.06861858
80,0.08449037,0.07063174
81,0.08180715,0.07084131
82,0.079123944,0.06939162
83,0.07644074,0.068125725
84,0.07375752,0.06844984
85,0.071074314,0.06838569
86,0.06839113,0.06850332
87,0.06570792,0.06989439
88,0.06302471,0.0711844
89,0.0603415,0.06970388
90,0.05765829,0.06689316
91,0.054975107,0.067446545
92,0.05229188,0.06907426
93,0.049608685,0.07026388
94,0.046925474,0.06900109
95,0.044242263,0.06744255
96,0.041559067,0.06726672
97,0.038875856,0.066155046
98,0.037856802,0.06739141
99,0.03901393,0.06942932
100,0.04017107,0.06889251
101,0.041328195,0.06717987
102,0.042485334,0.06869295
103,0.04364246,0.069811866
104,0.044799604,0.06767309
105,0.045956727,0.06763458
106,0.04711387,0.07042478
107,0.048270997,0.07009694
108,0.049428135,0.06840338
109,0.050585262,0.06740232
110,0.0517424,0.06676459
111,0.05289953,0.06753276
112,0.054056656,0.06765404
113,0.05521381,0.066503525
114,0.056044772,0.06576434
115,0.056449194,0.06495857
116,0.05685361,0.06439735
117,0.057258032,0.06677292
118,0.05766245,0.06866686
119,0.05806687,0.06965658
120,0.05847132,0.06841682
121,0.058875736,0.06761637
122,0.059280157,0.06801683
123,0.059684575,0.066899836
124,0.060088996,0.06808989
125,0.060493413,0.06916346
126,0.06089786,0.0677837
127,0.061302282,0.0672016
128,0.0617067,0.06859711
129,0.06211112,0.068485945
130,0.06251554,0.066276506
131,0.06291996,0.065182626
132,0.06332441,0.06595653
133,0.063728824,0.066295
134,0.06413324,0.0670781
135,0.06453766,0.065977216
136,0.064942084,0.06616859
137,0.069938436,0.06560467
138,0.08093957,0.06500718
139,0.078918226,0.06595263
140,0.059867468,0.06816068
141,0.056229237,0.06905539
142,0.07274585,0.06915854
143,0.089262486,0.068935126
144,0.09823806,0.069298625
145,0.097352326,0.070488244
146,0.09646657,0.070102185
147,0.09558084,0.06805104
148,0.094695084,0.06871086
149,0.09380933,0.07109405
150,0.092923604,0.07128617
151,0.09203784,0.070647776
152,0.09115212,0.06995444
153,0.09026636,0.06830162
154,0.0893806,0.06874329
155,0.088494875,0.0684122
156,0.08760912,0.06808795
157,0.086723365,0.06882146
158,0.08583763,0.06823744
159,0.08495188,0.07071169
160,0.08406615,0.071080536
161,0.08318039,0.068762705
162,0.082294635,0.06703712
163,0.08140891,0.06823377
164,0.08052315,0.0702039
165,0.07963742,0.07116063
166,0.07875167,0.07109706
167,0.07786591,0.06870723
168,0.07698018,0.06829712
169,0.076094426,0.07071912
170,0.07520867,0.07101095
171,0.07432294,0.07117064
172,0.073437184,0.0722785
173,0.07255146,0.07021797
174,0.0716657,0.068941906
175,0.07348921,0.06957905
176,0.078855634,0.06972143
177,0.084222026,0.07167229
178,0.08958845,0.07105231
179,0.07530483,0.070060074
180,0.053510074,0.06994833
181,0.05549563,0.06896612
182,0.057481218,0.069896564
183,0.059466776,0.06920843
184,0.061452363,0.06769039
185,0.06343792,0.068369344
186,0.0654235,0.0685204
187,0.06740907,0.07075161
188,0.069394656,0.07010473
189,0.07138021,0.06868738
190,0.067751125,0.06782396
191,0.05677981,0.06838201
192,0.045808464,0.07057196
193,0.041737955,0.06906214
194,0.04669156,0.069146186
195,0.051645163,0.06843835
196,0.05659878,0.06712994
197,0.061552398,0.06870854
198,0.06650598,0.070429355
199,0.07145961,0.06909917
200,0.07641322,0.06738955
201,0.08136684,0.06757048
202,0.08632043,0.069817886
203,0.091274045,0.070655614
204,0.09622766,0.07011165
205,0.10118128,0.071051374
206,0.10207729,0.070122436
207,0.097667195,0.06954287
208,0.0932571,0.0687677
209,0.088847004,0.070178375
210,0.084436916,0.071675986
211,0.08002682,0.0709085
212,0.075616755,0.070656225
213,0.07120667,0.06938903
214,0.06679657,0.068151295
215,0.062386476,0.06951679
216,0.057976384,0.07009548
217,0.053566292,0.070031345
218,0.04915621,0.069745556
219,0.04790751,0.06928359
220,0.05079293,0.07131289
221,0.05367835,0.06982522
222,0.056563757,0.06607984
223,0.059449192,0.06592062
224,0.062334597,0.066070974
225,0.06522,0.06777899
226,0.06810544,0.06858337
227,0.070990846,0.069017306
228,0.07387625,0.06923196
229,0.076761685,0.06919204
230,0.07964709,0.06952755
231,0.082532525,0.0682586
232,0.08541793,0.06839609
233,0.088303335,0.069406986
234,0.09118877,0.069191486
235,0.094074175,0.06952369
236,0.09695961,0.06897028
237,0.099845015,0.068809986
238,0.10273042,0.070050195
239,0.10561586,0.07142188
240,0.10850126,0.07105182
241,0.1113867,0.068942025
242,0.11082119,0.07085198
243,0.105743,0.07082109
244,0.10066477,0.06818028
245,0.095586546,0.06864563
246,0.09050836,0.07042158
247,0.08543013,0.071306825
248,0.080351934,0.07197493
249,0.07527371,0.071082056
250,0.07019551,0.07060073
251,0.067573,0.069846004
252,0.06816183,0.068793416
253,0.06875063,0.069682986
254,0.069339454,0.0710372
255,0.06992825,0.07209344
256,0.07051708,0.071009144
257,0.07110587,0.07079667
258,0.071694694,0.07073264
259,0.07228352,0.07047719
260,0.07287232,0.06974529
261,0.073461145,0.07063246
262,0.07404994,0.07214621
263,0.07567554,0.07294312
264,0.078656875,0.07323308
265,0.08163821,0.070809335
266,0.1049155,0.06959674
267,0.12815905,0.07087202
268,0.11665105,0.0693689
269,0.10514308,0.06859964
270,0.09276953,0.06907195
271,0.07926407,0.07048716
272,0.06575861,0.070517436
273,0.06340234,0.06808521
274,0.07562584,0.067845315
275,0.087849304,0.068635836
276,0.094029896,0.06914505
277,0.09230816,0.06918864
278,0.09058644,0.06834014
279,0.08886471,0.068521604
280,0.087143004,0.06833953
281,0.08542128,0.06858303
282,0.08369955,0.0703702
283,0.08197782,0.07093713
284,0.08025612,0.07173951
285,0.078534395,0.0714962
286,0.07681266,0.07101846
287,0.07509093,0.0713681
288,0.07409204,0.07026759
289,0.07403839,0.06947169
290,0.07398473,0.06890407
291,0.07393104,0.0705729
292,0.07387739,0.07016873
293,0.07382373,0.068540946
294,0.07377007,0.0696809
295,0.07371639,0.0690922
296,0.07366273,0.06836903
297,0.07360907,0.06706704
298,0.07355539,0.068189874
299,0.07350173,0.069404975
300,0.07344807,0.06853388
301,0.07339442,0.07019848
302,0.07334073,0.06930931
303,0.07328708,0.06870328
304,0.07323342,0.06960106
305,0.07317973,0.068061456
306,0.07312608,0.0676969
307,0.07307242,0.06883451
308,0.07301876,0.070026785
309,0.07296508,0.0709714
310,0.07291142,0.07243921
311,0.07285776,0.071973935
312,0.07280411,0.07065061
313,0.07280137,0.0709057
314,0.07286525,0.07245374
315,0.07292915,0.07324037
316,0.072993025,0.07344942
317,0.0730569,0.07271446
318,0.0731208,0.07153854
319,0.073184684,0.07337585
320,0.07324859,0.07487421
321,0.07331246,0.07323618
322,0.073376335,0.07228781
323,0.07344024,0.07310578
324,0.07350412,0.07318261
325,0.073567994,0.07254259
326,0.0736319,0.07323563
327,0.07369577,0.072741926
328,0.073759675,0.07323475
329,0.07382356,0.07497139
330,0.07388743,0.075327426
331,0.073951334,0.07438739
332,0.07401521,0.07351971
333,0.07407911,0.07544246
334,0.07384752,0.07574573
335,0.07322957,0.07387729
336,0.07261164,0.07350999
337,0.071993664,0.07492463
338,0.07137573,0.07439113
339,0.070757784,0.07325639
340,0.07013982,0.073014215
341,0.06952188,0.07257432
342,0.06890391,0.07411264
343,0.06828597,0.073369354
344,0.067668036,0.071729586
345,0.0728214,0.07384564
346,0.08552192,0.0747987
347,0.09822242,0.07493988
348,0.08654451,0.0753054
349,0.061939493,0.07391067
350,0.062118396,0.07204726
351,0.062297273,0.07078777
352,0.062476147,0.0703454
353,0.062655024,0.06966953
354,0.0628339,0.07118136
355,0.0630128,0.073489875
356,0.063191675,0.07284154
357,0.06337055,0.07155156
358,0.06354943,0.07144679
359,0.0637283,0.070747465
360,0.063907176,0.07059479
361,0.06408608,0.071607396
362,0.06426495,0.07188606
363,0.06444383,0.071389854
364,0.06462271,0.07007362
365,0.06480158,0.070675805
366,0.0653293,0.071970284
367,0.06631313,0.07067305
368,0.067296974,0.07129982
369,0.068280816,0.071639
370,0.06926466,0.07221682
371,0.0702485,0.07349229
372,0.07123234,0.07285608
373,0.07221618,0.07338086
374,0.073200025,0.072078764
375,0.07418387,0.07199775
376,0.07516771,0.07188447
377,0.07615155,0.07268764
378,0.07713539,0.07323551
379,0.078119226,0.07187475
380,0.07910307,0.0716214
381,0.08008691,0.07237658
382,0.08107075,0.07249367
383,0.08205459,0.070261225
384,0.083038464,0.06891191
385,0.084022306,0.06970292
386,0.08500615,0.07088192
387,0.08456807,0.07149407
388,0.08227056,0.07187237
389,0.07997308,0.070889965
390,0.077675566,0.06968236
391,0.07537808,0.07179631
392,0.0730806,0.074130505
393,0.070783086,0.07298605
394,0.0684856,0.0721001
395,0.06618809,0.0726096
396,0.06389061,0.07275039
397,0.061593097,0.07225183
398,0.059295617,0.07141468
399,0.056998104,0.072666496
400,0.05470062,0.07366514
401,0.052403122,0.07229735
402,0.050105628,0.07270597
403,0.04999227,0.07195704
404,0.05273511,0.071275294
405,0.05547796,0.07101485
406,0.058220766,0.07257381
407,0.0609636,0.07372062
408,0.063706435,0.07263835
409,0.06644927,0.07255034
410,0.06919211,0.07098448
411,0.071934946,0.071646646
412,0.07467778,0.07508597
413,0.077420615,0.073661685
414,0.08016345,0.07059342
415,0.08089412,0.07188763
416,0.078993514,0.07403211
417,0.07709291,0.07377714
418,0.07519231,0.07120077
419,0.08656935,0.07025239
420,0.11530946,0.072234735
421,0.14404956,0.07427138
422,0.21761908,0.072726116
423,0.29724368,0.073360264
424,0.3081256,0.07335159
425,0.31900743,0.070494935
426,0.29971027,0.072812304
427,0.26771006,0.07524492
428,0.2707063,0.07395604
429,0.31116158,0.072942585
430,0.3603199,0.07484758
431,0.35680193,0.07283972
432,0.35328394,0.07100189
433,0.34166563,0.07273905
434,0.31945467,0.07229625
435,0.29724368,0.07031144
436,0.29184696,0.06820537
437,0.3084381,0.06905846
438,0.32502928,0.06988302
439,0.34162045,0.06677015
440,0.41063097,0.06409122
441,0.47780654,0.063161254
442,0.45294216,0.06056403
443,0.36505824,0.05932756
444,0.26517665,0.0609638
445,0.257373,0.057474975
446,0.24956936,0.05390874
447,0.24176568,0.05127694
448,0.22543862,0.04756618
449,0.19796558,0.047896896
450,0.17049257,0.047993835
451,0.14301953,0.0485988
452,0.11554647,0.049851555
453,0.088073425,0.049358804
454,0.042313345,0.048249383
455,0.0059901983,0.052425425
456,0.013279569,0.05639108
457,0.020568954,0.05691735
458,0.027858324,0.060316686
459,0.056832477,0.059202183
460,0.08968834,0.05760875
461,0.09053802,0.05933549
462,0.091387704,0.059367437
463,0.09223736,0.05870797
464,0.09308705,0.058971595
465,0.093936734,0.059209477
466,0.09478641,0.05896205
467,0.0956361,0.058312688
468,0.07325071,0.058140274
469,0.04396501,0.0578059
470,0.04538917,0.058597144
471,0.046813343,0.060013685
472,0.0482375,0.058657143
473,0.04966166,0.057069797
474,0.05108583,0.057755206
475,0.052509986,0.05693545
476,0.053934146,0.05193864
477,0.0553583,0.049912665
478,0.056782488,0.04882722
479,0.058206644,0.04781461
480,0.059630804,0.048588965
481,0.06105496,0.050083432
482,0.040312868,0.050910417
483,0.012593328,0.050116774
484,0.013655078,0.052388314
485,0.014716813,0.05154654
486,0.015778562,0.050276283
487,0.016840298,0.051322985
488,0.017902032,0.050937522
489,0.01896378,0.050366502
490,0.020025516,0.051428545
491,0.021087267,0.0539507
492,0.022149,0.053457532
493,0.02321075,0.053564128
494,0.024272485,0.054851938
495,0.025334233,0.05320241
496,0.02639597,0.05341168
497,0.02745772,0.05262388
498,0.028519453,0.05162492
499,0.029581187,0.053496543
500,0.030642938,0.0540873
501,0.03170467,0.055171806
502,0.03276642,0.055688564
503,0.033828158,0.054125603
504,0.034889907,0.055217344
505,0.03595164,0.055912178
506,0.03701339,0.054352704
507,0.038075127,0.054835577
508,0.039136875,0.056428526
509,0.04019861,0.057789583
510,0.041260347,0.057210553
511,0.042322095,0.05522958
512,0.04338383,0.054695707
513,0.044445578,0.054986138
514,0.05024626,0.05600022
515,0.062244024,0.057257283
516,0.07424177,0.057310734
517,0.08623955,0.0571055
518,0.0982373,0.056196112
519,0.11023508,0.0555355
520,0.12223282,0.05539113
521,0.12239111,0.056344952
522,0.10706703,0.055590082
523,0.09174295,0.05348434
524,0.14553626,0.052964155
525,0.22762443,0.0530962
526,0.22851884,0.054001313
527,0.22941324,0.05458116
528,0.17360555,0.053402025
529,0.09842983,0.0516839
530,0.09489056,0.05276567
531,0.091351286,0.05372921
532,0.087811984,0.052896935
533,0.08427271,0.054400224
534,0.08073344,0.05552746
535,0.07719417,0.05390105
536,0.0736549,0.05501819
537,0.070115626,0.05585267
538,0.066576354,0.053876106
539,0.06303705,0.05408403
540,0.05949778,0.055363778
541,0.05595851,0.055386584
542,0.052419238,0.056259323
543,0.05023112,0.055475462
544,0.049809877,0.05419061
545,0.049388643,0.054942768
546,0.04896741,0.056413736
547,0.048546176,0.05545001
548,0.048124947,0.053788435
549,0.047703713,0.05496574
550,0.047282465,0.05495726
551,0.046861235,0.053879466
552,0.04644,0.05634636
553,0.046018768,0.056513634
554,0.04559754,0.05525184
555,0.045176305,0.05553216
556,0.044755057,0.0554027
557,0.044333827,0.054328162
558,0.043912593,0.05277613
559,0.04349136,0.051477354
560,0.043070126,0.051699955
561,0.042648897,0.052218195
562,0.04222765,0.050745692
563,0.04180642,0.050552886
564,0.041385185,0.05250906
565,0.04096395,0.052862573
566,0.04054272,0.052561898
567,0.04012149,0.053511005
568,0.039700255,0.05454472
569,0.039279006,0.057527658
570,0.038857777,0.061269093
571,0.038436543,0.061889533
572,0.03801531,0.06291501
573,0.03759408,0.06290606
574,0.035204336,0.06406003
575,0.030240411,0.064234614
576,0.025276488,0.06357169
577,0.020312563,0.065257296
578,0.021711305,0.066109866
579,0.031430464,0.06441037
580,0.04114964,0.064654335
581,0.046327725,0.06827964
582,0.045567475,0.06731823
583,0.04480723,0.067104444
584,0.044046998,0.06916219
585,0.04349992,0.068597645
586,0.04323159,0.06838085
587,0.042963266,0.06883763
588,0.042694952,0.06744033
589,0.042426627,0.06619935
590,0.042158317,0.0672154
591,0.041889988,0.06356335
592,0.041621678,0.057358418
593,0.04135335,0.058082107
594,0.08600486,0.058818687
595,0.14447787,0.056749325
596,0.18707526,0.056887392
597,0.24863693,0.057868924
598,0.2616952,0.054899026
599,0.23506588,0.05336616
600,0.18689553,0.055646587
601,0.17842425,0.057051282
602,0.169953,0.055318464
603,0.16148174,0.055525083
604,0.15301049,0.055575553
605,0.14453924,0.052800138
606,0.13606797,0.05211887
607,0.10743177,0.051806558
608,0.07593456,0.052420456
609,0.075179294,0.05381382
610,0.07442402,0.05221502
611,0.073668756,0.0517906
612,0.07291348,0.053280864
613,0.07215822,0.052528206
614,0.071402945,0.05084202
615,0.07064768,0.05358385
616,0.06989241,0.053658996
617,0.06913711,0.052848775
618,0.068381846,0.054751147
619,0.06762657,0.053817797
620,0.06687131,0.053624842
621,0.066116035,0.05332153
622,0.06536077,0.052424107
623,0.0646055,0.0542104
624,0.06385023,0.055070754
625,0.06309496,0.053185258
626,0.062339664,0.052584965
627,0.061584394,0.054515023
628,0.060829125,0.054085646
629,0.060073856,0.05285943
630,0.059318587,0.0509826
631,0.058563318,0.051982496
632,0.05780805,0.054457743
633,0.05705278,0.054442126
634,0.05629751,0.054407563
635,0.05189688,0.05362503
636,0.04272925,0.053625647
637,0.033561636,0.05271707
638,0.024394006,0.05050153
639,0.036756128,0.052333813
640,0.059531845,0.05479874
641,0.059108183,0.05348489
642,0.058684517,0.052140538
643,0.058260854,0.053169508
644,0.057837192,0.054306995
645,0.05741353,0.054097686
646,0.056989864,0.053737883
647,0.0565662,0.054879267
648,0.05614254,0.055180732
649,0.055718876,0.053081002
650,0.05529521,0.052283604
651,0.054871548,0.052675698
652,0.054447886,0.05225149
653,0.054024223,0.0524578
654,0.053600557,0.053788554
655,0.05317688,0.054104324
656,0.052753218,0.053729195
657,0.052329555,0.05455071
658,0.05190589,0.054713685
659,0.051482227,0.054578196
660,0.051058564,0.055161137
661,0.0506349,0.054015297
662,0.05021122,0.052535508
663,0.04978756,0.052175786
664,0.049363896,0.051731173
665,0.04894023,0.05300721
666,0.048516568,0.054883186
667,0.048092905,0.056672458
668,0.047669243,0.056612838
669,0.04724558,0.05457509
670,0.046821915,0.054207955
671,0.046398252,0.054883633
672,0.04597459,0.055576373
673,0.045550928,0.0560301
674,0.04512726,0.056358416
675,0.044703584,0.055456
676,0.04427992,0.054678988
677,0.04385626,0.056622256
678,0.04325014,0.0562425
679,0.04240543,0.055137638
680,0.041560724,0.056626145
681,0.040716004,0.05720893
682,0.039871298,0.055382106
683,0.039026577,0.05265968
684,0.03818187,0.053417463
685,0.037337165,0.053904925
686,0.036492445,0.05442701
687,0.03564774,0.05563097
688,0.034803014,0.05609281
689,0.03395831,0.05536071
690,0.033113603,0.054470982
691,0.03226888,0.054440368
692,0.031424176,0.053434987
693,0.03057947,0.053715315
694,0.02973475,0.05500095
695,0.028890042,0.055197705
696,0.028792977,0.055029746
697,0.029673625,0.056200523
698,0.030554257,0.057390142
699,0.031434905,0.056181747
700,0.032315552,0.05521186
701,0.033196185,0.056218218
702,0.034076832,0.054522995
703,0.03495748,0.053402413
704,0.035838112,0.055109758
705,0.03671876,0.053831887
706,0.037599392,0.055669624
707,0.03848004,0.058797527
708,0.039360687,0.056026395
709,0.061408836,0.055392403
710,0.09089327,0.055834416
711,0.09390441,0.05585346
712,0.096915565,0.055952344
713,0.093990386,0.055034626
714,0.08330229,0.056067336
715,0.0726142,0.05688944
716,0.0619261,0.055927422
717,0.055917956,0.05456918
718,0.056029752,0.0546596
719,0.056141548,0.05457023
720,0.056253344,0.054610927
721,0.056365144,0.05547807
722,0.05647697,0.0550681
723,0.056588765,0.052694563
724,0.05670056,0.053937364
725,0.056812357,0.056241732
726,0.056924157,0.054433692
727,0.057035953,0.053749938
728,0.05714775,0.05560605
729,0.057259545,0.053732026
730,0.05737134,0.05392505
731,0.05748314,0.05386572
732,0.057594966,0.054220956
733,0.057706762,0.05519562
734,0.057818558,0.05366918
735,0.057930354,0.05615342
736,0.058042154,0.056061413
737,0.057086725,0.055985365
738,0.05473573,0.054846052
739,0.052384738,0.05347899
740,0.050033744,0.056137074
741,0.047682736,0.055878017
742,0.045331743,0.05595919
743,0.04298075,0.05708622
744,0.04062974,0.054946054
745,0.038278747,0.055098314
746,0.035927754,0.055956293
747,0.033576746,0.055749718
748,0.03122575,0.05643301
749,0.028874744,0.055591498
750,0.026523748,0.05559716
751,0.026780576,0.05518065
752,0.030447628,0.05480944
753,0.034114666,0.056105588
754,0.037781715,0.055613782
755,0.0399243,0.05448379
756,0.040073376,0.055424746
757,0.04022244,0.05613308
758,0.040371504,0.054794382
759,0.040520564,0.05596866
760,0.040669642,0.057699386
761,0.040818702,0.0565002
762,0.040967766,0.054494973
763,0.04111683,0.053634543
764,0.0571306,0.05492929
765,0.07796123,0.05750515
766,0.07796123,0.056951698
767,0.07796123,0.05630715
768,0.07796123,0.055339385
769,0.07796123,0.053361434
770,0.07796123,0.055219863
771,0.07796123,0.055419136
772,0.07796123,0.054531027
773,0.07796123,0.055362333
774,0.07796123,0.05582859
775,0.07796123,0.055953313
776,0.07796123,0.05430122
777,0.07796123,0.055331264
778,0.07796123,0.055649523
779,0.07796123,0.05303545
780,0.07796123,0.053562928
781,0.07796123,0.05470572
782,0.07796123,0.053759817
783,0.07796123,0.05352958
784,0.07796123,0.052746046
785,0.07796123,0.05358197
786,0.07796123,0.05442937
787,0.07796123,0.052424837
788,0.07796123,0.053342793
789,0.07796123,0.05366722
790,0.07796123,0.05263264
791,0.077205464,0.053563084
792,0.07546137,0.053573627
793,0.07371729,0.05276834
794,0.0719732,0.054211404
795,0.07022911,0.05227374
796,0.06848505,0.05103555
797,0.06674096,0.05160961
798,0.064996876,0.051093835
799,0.063252784,0.05074242
800,0.061508697,0.050977264
801,0.05976461,0.05070046
802,0.05802055,0.05215252
803,0.05627646,0.05377989
804,0.05453237,0.052433956
805,0.052788284,0.053442303
806,0.051044196,0.0532859
807,0.049300123,0.0538447
808,0.047556035,0.054807458
809,0.045811944,0.052298937
810,0.04406787,0.052453775
811,0.042323783,0.05489889
812,0.040579695,0.05353767
813,0.04646437,0.052725647
814,0.062325075,0.051602338
815,0.07818581,0.048848454
816,0.069616444,0.050898585
817,0.04948645,0.053008553
818,0.056015573,0.053705562
819,0.06254471,0.054551672
820,0.06907385,0.052533407
821,0.075602986,0.050928842
822,0.08213212,0.05094718
823,0.08866126,0.051192287
824,0.10001568,0.05192073
825,0.11768013,0.050777484
826,0.12566167,0.05081706
827,0.12098096,0.050865356
828,0.11630026,0.04944465
829,0.11161955,0.050294552
830,0.10693885,0.052628007
831,0.10225814,0.053764004
832,0.09757743,0.052086424
833,0.09289676,0.052622635
834,0.08821605,0.05681623
835,0.12284826,0.055935327
836,0.2088897,0.051925015
837,0.29493114,0.050890576
838,0.34368798,0.051777292
839,0.24667819,0.05039731
840,0.11352761,0.04884352
841,0.09900849,0.04919033
842,0.084489375,0.049597237
843,0.042814218,0.048495445
844,0.0,0.04630776
845,0.0021346349,0.046203572
846,0.0042692698,0.04634979
847,0.006403905,0.045349557
848,0.008538554,0.04615132
849,0.010673189,0.048520166
850,0.012807824,0.04974902
851,0.014942459,0.049025957
852,0.017077109,0.049121965
853,0.019211743,0.047100607
854,0.021346377,0.045127753
855,0.023481013,0.04715274
856,0.025615662,0.04971369
857,0.027750297,0.05073354
858,0.029884933,0.050267
859,0.030272903,0.049692255
860,0.028376782,0.049963158
861,0.026480647,0.050091077
862,0.024584511,0.049240787
863,0.022688376,0.049149115
864,0.02079224,0.051354464
865,0.018896122,0.05260593
866,0.016999986,0.051521447
867,0.015103851,0.04951771
868,0.013207716,0.048229057
869,0.017694931,0.04946019
870,0.030529598,0.050691094
871,0.04336428,0.051221218
872,0.056198932,0.051847566
873,0.046883754,0.05291876
874,0.02481502,0.05369911
875,0.023946177,0.053739924
876,0.023077322,0.05384245
877,0.02220848,0.054266248
878,0.021339623,0.05321757
879,0.020470781,0.053602744
880,0.01960194,0.055354144
881,0.018733084,0.05585229
882,0.017864242,0.055621345
883,0.016995385,0.05626804
884,0.016126543,0.056262705
885,0.015257702,0.057249304
886,0.014388846,0.05714296
887,0.013520005,0.056453083
888,0.012651163,0.058521423
889,0.011782307,0.056306083
890,0.010913465,0.054464553
891,0.010044609,0.05609018
892,0.009175767,0.057366926
893,0.008306925,0.058902342
894,0.0074380687,0.058346603
895,0.011073387,0.0580183
896,0.020598765,0.05829333
897,0.030124145,0.056989025
898,0.03964951,0.05663139
899,0.044257168,0.056192625
900,0.042433977,0.05666514
901,0.04061077,0.057680774
902,0.03878757,0.05880623
903,0.036964364,0.058618803
904,0.03514116,0.05863772
905,0.033317953,0.059937123
906,0.031494748,0.058704812
907,0.029671557,0.05829553
908,0.027848352,0.058920663
909,0.026025146,0.058864642
910,0.024201943,0.05932055
911,0.022378737,0.060879152
912,0.03678396,0.062132094
913,0.072410956,0.06054393
914,0.10803795,0.059182648
915,0.1299965,0.059942666
916,0.13408096,0.060557563
917,0.13816538,0.05774657
918,0.11431866,0.057334695
919,0.081435226,0.059274074
920,0.08449855,0.061208528
921,0.0875619,0.060794357
922,0.09062522,0.058422457
923,0.08493904,0.057661626
924,0.06781124,0.05890878
925,0.06548232,0.060801838
926,0.08250577,0.05948617
927,0.09952922,0.057898637
928,0.08925451,0.05871008
929,0.062662736,0.05730338
930,0.06141463,0.055900697
931,0.060166553,0.057677474
932,0.058918446,0.05727687
933,0.05767037,0.059092965
934,0.056422263,0.059407417
935,0.055174157,0.06041261
936,0.05392608,0.059807945
937,0.05267797,0.056890983
938,0.051429868,0.05795001
939,0.050181773,0.059321214
940,0.04893368,0.060165722
941,0.047685575,0.058409896
942,0.046437483,0.057908837
943,0.04518939,0.058269564
944,0.0439413,0.057817
945,0.042693194,0.05830336
946,0.041445103,0.05852348
947,0.040197007,0.060840655
948,0.0389489,0.05963591
949,0.03770081,0.058171842
950,0.036452718,0.05697507
951,0.03840034,0.05667342
952,0.044526994,0.057892893
953,0.05065365,0.057187367
954,0.056780305,0.059080932
955,0.06290694,0.057204712
956,0.069033615,0.056607258
957,0.0677382,0.058479775
958,0.05673707,0.057454187
959,0.04573593,0.0595791
960,0.03473479,0.05948324
961,0.023733648,0.0597792
962,0.017545694,0.059900742
963,0.0176519,0.058149304
964,0.017758109,0.058332462
965,0.017864315,0.05652784
966,0.017970523,0.057204913
967,0.018076744,0.05701996
968,0.01818295,0.057359587
969,0.018289156,0.05891576
970,0.018395364,0.058511253
971,0.01850157,0.06005956
972,0.018607793,0.05811878
973,0.018714,0.05802018
974,0.018820208,0.05968209
975,0.018926414,0.05882473
976,0.019032622,0.059005532
977,0.019138828,0.05683035
978,0.019117195,0.056194384
979,0.018928379,0.05806041
980,0.018739562,0.058564056
981,0.018550744,0.05791839
982,0.018361926,0.058497865
983,0.01817311,0.060772393
984,0.017984293,0.060108427
985,0.017795475,0.05952752
986,0.017606659,0.058413345
987,0.025464313,0.05880625
988,0.043844264,0.060650293
989,0.083715215,0.059994373
990,0.12069489,0.062325764
991,0.11714284,0.06341851
992,0.11359078,0.06303142
993,0.11003873,0.06664711
994,0.10648668,0.06712425
995,0.10293463,0.065793276
996,0.09938257,0.06387338
997,0.09583052,0.061356332
998,0.092278466,0.06335628
999,0.088726416,0.065160275
1000,0.08517437,0.06582646
1001,0.08162231,0.065669045
1002,0.07807026,0.06395398
1003,0.074518204,0.06505366
1004,0.05328169,0.0646722
1005,0.029441413,0.061150167
1006,0.032437656,0.061391372
1007,0.03543391,0.061994765
1008,0.038430154,0.06108548
1009,0.041426394,0.06496076
1010,0.044422653,0.06735411
1011,0.047418892,0.06403208
1012,0.050415136,0.061225478
1013,0.05341139,0.060894165
1014,0.05640762,0.06191126
1015,0.05866749,0.063081786
1016,0.05996436,0.06316592
1017,0.06126126,0.0636442
1018,0.06255813,0.06384346
1019,0.06385501,0.06305349
1020,0.06515191,0.062975794
1021,0.06644878,0.06501889
1022,0.06774565,0.06401169
1023,0.06904255,0.06374505
1024,0.07033943,0.06381512
1025,0.07163633,0.06282659
1026,0.0729332,0.06420429
1027,0.07423007,0.06485109
1028,0.07552697,0.06374276
1029,0.076145574,0.064235955
1030,0.075877264,0.06581923
1031,0.075608954,0.065526724
1032,0.07534064,0.06473273
1033,0.0750723,0.066075325
1034,0.074803986,0.06412779
1035,0.074535675,0.062961906
1036,0.074267365,0.06517103
1037,0.07344996,0.063216016
1038,0.07191456,0.062455643
1039,0.07037919,0.06344618
1040,0.06884379,0.06429763
1041,0.06730839,0.06641862
1042,0.06577302,0.066440895
1043,0.04769466,0.06333554
1044,0.026780576,0.06302281
1045,0.030447613,0.063608795
1046,0.034114666,0.06308602
1047,0.037781715,0.061524767
1048,0.04144877,0.06010961
1049,0.045115806,0.062850684
1050,0.04878286,0.06321135
1051,0.05244991,0.06198824
1052,0.056116946,0.064226955
1053,0.059784,0.0624062
1054,0.05844165,0.0618261
1055,0.050548565,0.064376816
1056,0.04265546,0.06301567
1057,0.034762375,0.06216571
1058,0.0350374,0.062056247
1059,0.04599382,0.060967837
1060,0.05695024,0.062087614
1061,0.06790665,0.061886255
1062,0.0733331,0.06254776
1063,0.07152805,0.06342761
1064,0.069722965,0.06073578
1065,0.06791791,0.062039595
1066,0.06611283,0.063582584
1067,0.06430778,0.061697874
1068,0.0625027,0.062052805
1069,0.06069765,0.062021594
1070,0.058892593,0.060418542
1071,0.05708751,0.060697664
1072,0.05528246,0.06096654
1073,0.056042414,0.062321935
1074,0.060156655,0.062117826
1075,0.06427092,0.06083219
1076,0.06838516,0.061160315
1077,0.0724994,0.06160148
1078,0.07661364,0.06271261
1079,0.080727905,0.062149536
1080,0.06492083,0.06081668
1081,0.044084262,0.06128836
1082,0.050737236,0.062301133
1083,0.05739021,0.062457982
1084,0.064043164,0.062891245
1085,0.07069615,0.06332384
1086,0.07734914,0.063097805
1087,0.0840021,0.062036056
1088,0.09065509,0.0614782
1089,0.09730805,0.061247613
1090,0.10396103,0.061697338
1091,0.11061399,0.06437385
1092,0.11726698,0.064778015
1093,0.12391994,0.06580785
1094,0.13947222,0.06714733
1095,0.140307,0.064802885
1096,0.10667749,0.06314947
1097,0.073047996,0.064510226
1098,0.054406513,0.06541653
1099,0.05536482,0.064806044
1100,0.056323104,0.06483859
1101,0.057281382,0.06605707
1102,0.05823966,0.06476121
1103,0.05919797,0.062364344
1104,0.06015625,0.0642713
1105,0.061114527,0.06502102
1106,0.062072836,0.06425761
1107,0.063031115,0.06428155
1108,0.06398939,0.06310204
1109,0.06494767,0.06394863
1110,0.06590598,0.064554125
1111,0.06686426,0.06406394
1112,0.06782254,0.064179316
1113,0.06878085,0.063990995
1114,0.069739126,0.064050704
1115,0.070697404,0.06483124
1116,0.07165568,0.065095186
1117,0.07261399,0.0635411
1118,0.07357227,0.063101575
1119,0.07863699,0.063445956
1120,0.089071676,0.06343822
1121,0.09950636,0.06284368
1122,0.10070064,0.06283879
1123,0.08981131,0.065338835
1124,0.07892195,0.06525153
1125,0.06803262,0.062941
1126,0.06196418,0.062488887
1127,0.062199976,0.06189834
1128,0.06243577,0.064171225
1129,0.06267156,0.0655151
1130,0.06290735,0.06544347
1131,0.06314314,0.06782614
1132,0.06337894,0.06805028
1133,0.063614756,0.06624986
1134,0.06385055,0.06494084
1135,0.06408634,0.0646041
1136,0.06432214,0.064811096
1137,0.064557925,0.06606686
1138,0.06479372,0.06670058
1139,0.06502951,0.064126894
1140,0.065265335,0.0630856
1141,0.06550112,0.06616004
1142,0.06573692,0.06640898
1143,0.06597271,0.063255206
1144,0.066208504,0.06399734
1145,0.06644429,0.06540012
1146,0.06668009,0.064276025
1147,0.06691588,0.06385252
1148,0.064336486,0.062120084
1149,0.058075693,0.061286967
1150,0.051814865,0.064111784
1151,0.045554057,0.06479253
1152,0.039293244,0.065678224
1153,0.03594247,0.0641032
1154,0.036397126,0.06402326
1155,0.03685178,0.06512247
1156,0.037306435,0.06297138
1157,0.03776109,0.06476012
1158,0.038215745,0.06573832
1159,0.0386704,0.06432611
1160,0.039125055,0.064912155
1161,0.03957971,0.062273387
1162,0.040034365,0.061970863
1163,0.040489007,0.06338894
1164,0.04094366,0.061942
1165,0.0571306,0.063123584
1166,0.07858522,0.06348628
1167,0.08002522,0.06308855
1168,0.081465185,0.0636469
1169,0.08290518,0.061377052
1170,0.08434518,0.06108429
1171,0.08578514,0.06349562
1172,0.08722514,0.06380913
1173,0.088665135,0.06496398
1174,0.09010513,0.064618886
1175,0.0915451,0.06308408
1176,0.08795566,0.06334853
1177,0.077789314,0.063581824
1178,0.06762294,0.06538229
1179,0.079070285,0.06346013
1180,0.10316247,0.06209844
1181,0.10682952,0.06327762
1182,0.11049657,0.06526266
1183,0.11416363,0.06599146
1184,0.11783068,0.06456512
1185,0.12149773,0.06509213
1186,0.10698755,0.063698515
1187,0.08497418,0.06289457
1188,0.08423309,0.065190256
1189,0.083492026,0.06574181
1190,0.08275094,0.06451997
1191,0.082009874,0.06558606
1192,0.08126881,0.06515439
1193,0.08052772,0.06402767
1194,0.07563131,0.06216917
1195,0.06530097,0.062248368
1196,0.060283445,0.06418328
1197,0.062213454,0.066229016
1198,0.064143494,0.0667305
1199,0.06607353,0.06582117
1200,0.06800354,0.06484729
1201,0.06993358,0.06314291
1202,0.071863584,0.063415274
1203,0.07379363,0.06291054
1204,0.07572363,0.062418077
1205,0.07765367,0.06376161
1206,0.07958371,0.06720649
1207,0.08151372,0.067209914
1208,0.08344375,0.06554645
1209,0.08537377,0.06542674
1210,0.0873038,0.06668231
1211,0.08923381,0.06671159
1212,0.09116385,0.06499176
1213,0.09309389,0.06344549
1214,0.09502389,0.06505053
1215,0.1160389,0.06730203
1216,0.13867918,0.0681891
1217,0.13080841,0.066401735
1218,0.1229377,0.06589648
1219,0.10055231,0.06651503
1220,0.059186235,0.064551994
1221,0.035576947,0.06543003
1222,0.035188075,0.06563203
1223,0.034799203,0.062616035
1224,0.03441033,0.06307581
1225,0.03402147,0.065875724
1226,0.0336326,0.06654136
1227,0.033243727,0.06463374
1228,0.032854855,0.0621367
1229,0.032465983,0.06352775
1230,0.03207711,0.064897954
1231,0.03168824,0.06368421
1232,0.031299368,0.06501098
1233,0.030910509,0.06560014
1234,0.030521635,0.06335044
1235,0.030132763,0.06284742
1236,0.029743891,0.06279823
1237,0.029355017,0.06428382
1238,0.028966146,0.06355554
1239,0.028577274,0.0635061
1240,0.028188402,0.06457193
1241,0.027799543,0.06432146
1242,0.027410671,0.06379625
1243,0.027021797,0.064024076
1244,0.04181994,0.0655995
1245,0.076478,0.064115316
1246,0.09423337,0.06217506
1247,0.089885205,0.06421533
1248,0.08553703,0.06454864
1249,0.081188865,0.06269075
1250,0.0768407,0.061978262
1251,0.07249253,0.06273569
1252,0.06814436,0.06303361
1253,0.06379619,0.062438
1254,0.059448026,0.06311162
1255,0.05509986,0.062152836
1256,0.05075169,0.061655972
1257,0.046403524,0.06344056
1258,0.042055354,0.064138874
1259,0.04179502,0.06287834
1260,0.046880335,0.06199311
1261,0.051965646,0.062266905
1262,0.057050943,0.063502476
1263,0.062136274,0.06272164
1264,0.067221574,0.061571
1265,0.0723069,0.06365813
1266,0.0773922,0.063142955
1267,0.08247753,0.0630431
1268,0.08756283,0.06444736
1269,0.092648156,0.06305601
1270,0.09773345,0.063993454
1271,0.10281878,0.064734206
1272,0.10790408,0.06369606
1273,0.10940274,0.06331873
1274,0.10621112,0.06380394
1275,0.10301952,0.06655693
1276,0.09982793,0.06578928
1277,0.09663633,0.06454508
1278,0.093444735,0.06477149
1279,0.090253115,0.06439181
1280,0.08706152,0.065201625
1281,0.08386993,0.06272672
1282,0.08067833,0.061840717
1283,0.0774867,0.06460439
1284,0.07429511,0.06441173
1285,0.07110351,0.06212001
1286,0.067911915,0.0625938
1287,0.064720295,0.06102888
1288,0.061528698,0.06123135
1289,0.058337104,0.06590998
1290,0.05514551,0.066945344
1291,0.0519539,0.068422124
1292,0.059292063,0.069145024
1293,0.08039997,0.07027213
1294,0.14007147,0.07114421
1295,0.21339153,0.07019831
1296,0.23861368,0.072053865
1297,0.2638358,0.07195154
1298,0.27629706,0.07073577
1299,0.272071,0.072272465
1300,0.26784497,0.072385475
1301,0.2636189,0.0719998
1302,0.3145156,0.071833715
1303,0.38420436,0.072171286
1304,0.42451206,0.07392354
1305,0.4679204,0.074224755
1306,0.4183944,0.072454885
1307,0.36953622,0.07095702
1308,0.33546847,0.07151212
1309,0.2890321,0.071429
1310,0.28467932,0.070556164
1311,0.28032658,0.070518166
1312,0.27597383,0.07136965
1313,0.27162108,0.068053916
1314,0.2672683,0.0619904
1315,0.23379585,0.057833362
1316,0.1901878,0.056249533
1317,0.1407989,0.05669329
1318,0.081449375,0.05557784
1319,0.052923925,0.0550198
1320,0.01685305,0.055885483
1321,0.01969525,0.055356253
1322,0.022537464,0.055617753
1323,0.025379665,0.057198983
1324,0.028221883,0.05827068
1325,0.031064084,0.05649047
1326,0.0339063,0.05521353
1327,0.036748514,0.056175787
1328,0.039590716,0.05771255
1329,0.03914717,0.057399962
1330,0.034406837,0.056853835
1331,0.029666506,0.057385284
1332,0.024926176,0.05798647
1333,0.020185847,0.05736586
1334,0.015445515,0.057713512
1335,0.010705185,0.058681566
1336,0.012912124,0.059118498
1337,0.02420395,0.059466336
1338,0.035495766,0.059551496
1339,0.04678759,0.058584
1340,0.058079418,0.05719972
1341,0.069371246,0.05643714
1342,0.08066304,0.0582798
1343,0.09195487,0.058201235
1344,0.09700998,0.056582864
1345,0.09390939,0.05734897
1346,0.09080881,0.057945717
1347,0.079478726,0.056754064
1348,0.057386976,0.058199335
1349,0.03529527,0.058608342
1350,0.013203538,0.056241285
1351,0.0020922744,0.05736572
1352,0.0053400737,0.05862448
1353,0.008587873,0.05830877
1354,0.011835672,0.058397014
1355,0.015083471,0.0587064
1356,0.018331256,0.05934984
1357,0.021579055,0.058937673
1358,0.024826854,0.05849981
1359,0.028074654,0.05925334
1360,0.031322453,0.058879603
1361,0.034570236,0.058798585
1362,0.037818037,0.06045376
1363,0.041065834,0.059290696
1364,0.044313636,0.05934516
1365,0.047561433,0.05993096
1366,0.050809234,0.060643207
1367,0.05661066,0.060842317
1368,0.06575145,0.06027964
1369,0.07489223,0.060217176
1370,0.08403302,0.06056725
1371,0.0931738,0.061686892
1372,0.097028084,0.061010677
1373,0.09396922,0.061021324
1374,0.09091035,0.060852077
1375,0.08785152,0.061066713
1376,0.08479265,0.060404796
1377,0.088427216,0.0610956
1378,0.10081468,0.062162008
1379,0.11320214,0.062093925
1380,0.12558961,0.06265184
1381,0.12831485,0.061572615
1382,0.11840489,0.061649736
1383,0.10849492,0.062927574
1384,0.09858494,0.062265877
1385,0.08867497,0.06079081
1386,0.08782648,0.061193537
1387,0.09882761,0.06171445
1388,0.10982876,0.0621701
1389,0.12082989,0.062110055
1390,0.13183105,0.061780307
1391,0.11752359,0.06264496
1392,0.08871093,0.062854186
1393,0.0842091,0.061495516
1394,0.079707295,0.06066246
1395,0.07520547,0.061301384
1396,0.07070363,0.062743604
1397,0.066201836,0.06267695
1398,0.061700005,0.06155363
1399,0.057198174,0.064127475
1400,0.05269636,0.06609313
1401,0.09095688,0.06787196
1402,0.14985523,0.06495376
1403,0.16261534,0.06448619
1404,0.17537548,0.06410827
1405,0.1491586,0.062397953
1406,0.1043826,0.06469375
1407,0.10199006,0.066389054
1408,0.09959755,0.06617926
1409,0.09720501,0.0642284
1410,0.10468594,0.06519483
1411,0.12507829,0.06771256
1412,0.13299076,0.06548865
1413,0.12458341,0.06459859
1414,0.11617603,0.06515522
1415,0.10776865,0.06325954
1416,0.09936126,0.064855516
1417,0.09095388,0.066243485
1418,0.082546525,0.06317212
1419,0.07413915,0.062046606
1420,0.065731764,0.06341264
1421,0.057324383,0.06399223
1422,0.048917014,0.06296314
1423,0.040509634,0.06271894
1424,0.03867164,0.0647496
1425,0.045424383,0.06337851
1426,0.052177113,0.061296258
1427,0.05892983,0.06105696
1428,0.06568259,0.062303085
1429,0.07243532,0.065046385
1430,0.05471273,0.06291342
1431,0.027432855,0.06279811
1432,0.029509133,0.06303637
1433,0.03158542,0.06228951
1434,0.033661716,0.06274217
1435,0.035738006,0.061569232
1436,0.037814297,0.063189566
1437,0.039890587,0.06532456
1438,0.041966878,0.064185426
1439,0.044043154,0.06409183
1440,0.046119444,0.063962385
1441,0.048195735,0.06437032
1442,0.050272025,0.06523317
1443,0.052348316,0.06350276
1444,0.054424595,0.06320503
1445,0.055854574,0.06276256
1446,0.05643938,0.06396887
1447,0.05702419,0.06816788
1448,0.057609,0.068341136
1449,0.058193777,0.06459333
1450,0.058778584,0.06365603
1451,0.05936339,0.064827845
1452,0.059948202,0.06568551
1453,0.06053298,0.06519376
1454,0.061117787,0.06370844
1455,0.061702594,0.061573368
1456,0.0622874,0.06386356
1457,0.06287218,0.066200554
1458,0.059792936,0.06496775
1459,0.051922195,0.06373796
1460,0.044051465,0.06495729
1461,0.040458582,0.06590563
1462,0.0424598,0.06371117
1463,0.044461023,0.064358056
1464,0.046462245,0.067261785
1465,0.048463468,0.06697884
1466,0.0504647,0.06754765
1467,0.052465923,0.06781551
1468,0.05446713,0.06639342
1469,0.054670986,0.06521492
1470,0.05252443,0.0637171
1471,0.05037787,0.06433959
1472,0.048231296,0.064940125
1473,0.04608474,0.06478727
1474,0.04393817,0.06324987
1475,0.041791614,0.06026051
1476,0.039645057,0.06086154
1477,0.037498485,0.06218638
1478,0.03535193,0.06380148
1479,0.043837816,0.06434341
1480,0.06622766,0.064860225
1481,0.08861753,0.06428601
1482,0.099983044,0.06362407
1483,0.09693213,0.06451923
1484,0.09388124,0.063335866
1485,0.09083032,0.065374434
1486,0.08777943,0.065067545
1487,0.08472852,0.06379646
1488,0.08167763,0.06437223
1489,0.078626715,0.064082354
1490,0.07557579,0.06538309
1491,0.0826449,0.06488666
1492,0.10294782,0.06497897
1493,0.12325073,0.065640315
1494,0.13314085,0.065972626
1495,0.12941417,0.06653306
1496,0.1256875,0.06422934
1497,0.10132897,0.0641931
1498,0.07188394,0.065376624
1499,0.07106904,0.06631714
1500,0.07025412,0.06518574
1501,0.069439225,0.06377958
1502,0.06862433,0.06454575
1503,0.06780944,0.06526913
1504,0.06699454,0.06522544
1505,0.06617962,0.06410536
1506,0.065364726,0.063095614
1507,0.07449541,0.06355868
1508,0.09663185,0.064156786
1509,0.10415027,0.06482747
1510,0.09255287,0.06517428
1511,0.08095546,0.06266476
1512,0.06935806,0.06305279
1513,0.057760652,0.06429632
1514,0.046163246,0.06325403
1515,0.042235494,0.063929364
1516,0.0483373,0.0673635
1517,0.054439124,0.06672715
1518,0.060540926,0.06295264
1519,0.06664273,0.06311566
1520,0.07274454,0.06480196
1521,0.07884634,0.066239536
1522,0.08494815,0.06595898
1523,0.091049954,0.06462954
1524,0.086552694,0.064815626
1525,0.068195105,0.065771446
1526,0.049837504,0.064713776
1527,0.0314799,0.06334619
1528,0.02795025,0.06510562
1529,0.04381097,0.06453115
1530,0.059671707,0.06374724
1531,0.064919345,0.06493381
1532,0.05628837,0.0651615
1533,0.047657408,0.064857736
1534,0.03902643,0.063615724
1535,0.04721616,0.06603618
1536,0.07740221,0.066646144
1537,0.09318021,0.06290206
1538,0.09011689,0.06309122
1539,0.08705357,0.0654103
1540,0.08399025,0.06829046
1541,0.0809269,0.06804104
1542,0.07786358,0.06447284
1543,0.07480026,0.06257838
1544,0.07173694,0.063606754
1545,0.06867362,0.0655352
1546,0.065610304,0.06682487
1547,0.06254695,0.06586903
1548,0.059483632,0.06548227
1549,0.060247608,0.0665949
1550,0.066016495,0.0638268
1551,0.07178538,0.061131965
1552,0.07755428,0.06426722
1553,0.083323166,0.066709384
1554,0.08909205,0.0668308
1555,0.066199824,0.06482507
1556,0.032972433,0.061937008
1557,0.03524198,0.05982997
1558,0.037511528,0.05960526
1559,0.039781075,0.0628552
1560,0.042050608,0.06590973
1561,0.04432016,0.067790836
1562,0.046589706,0.06340945
1563,0.048859254,0.062258188
1564,0.050539363,0.06538193
1565,0.051448658,0.06541231
1566,0.052357968,0.06216843
1567,0.053267278,0.06300445
1568,0.054176573,0.06728476
1569,0.055085883,0.07122557
1570,0.20586365,0.07283695
1571,0.46131074,0.06909208
1572,0.5383992,0.06929952
1573,0.44034302,0.07116628
1574,0.27888113,0.06993553
1575,0.20218617,0.06574121
1576,0.1587257,0.06312281
1577,0.099078044,0.062663764
1578,0.020486211,0.06325224
1579,0.019122247,0.0657696
1580,0.017758297,0.06721248
1581,0.016394334,0.0675652
1582,0.022752792,0.07055192
1583,0.039209776,0.07319954
1584,0.24631447,0.07253416
1585,0.57165015,0.07096784
1586,0.6595728,0.0700694
1587,0.5310741,0.06727983
1588,0.33056712,0.06840783
1589,0.2583889,0.06709473
1590,0.21760418,0.06423299
1591,0.17461921,0.06556924
1592,0.11106685,0.06577508
1593,0.09458431,0.06436221
1594,0.07810176,0.062456157
1595,0.061619215,0.06327151
1596,0.045136683,0.06357469
1597,0.028654134,0.062931225
1598,0.012171587,0.06265536
1599,0.0037487303,0.06326406
1600,0.0058654896,0.065199435
1601,0.007982234,0.065707356
1602,0.010098978,0.06549102
1603,0.012215738,0.06592475
1604,0.014332482,0.06462985
1605,0.016449241,0.066173
1606,0.018565986,0.06732045
1607,0.020682745,0.06587224
1608,0.022799488,0.066545844
1609,0.024916248,0.066148475
1610,0.027032994,0.06631349
1611,0.029149737,0.06765401
1612,0.031266496,0.06822257
1613,0.033383243,0.06782997
1614,0.0355,0.06595042
1615,0.037616745,0.06664981
1616,0.039733503,0.065864
1617,0.04135674,0.065649
1618,0.042334612,0.06690551
1619,0.0433125,0.064630985
1620,0.04429037,0.064921826
1621,0.045268245,0.06637612
1622,0.046246134,0.06726113
1623,0.047224008,0.0688546
1624,0.048201893,0.06719102
1625,0.049179766,0.06715129
1626,0.05015764,0.06818035
1627,0.051135525,0.06652276
1628,0.0521134,0.06677824
1629,0.053091288,0.0666416
1630,0.054069143,0.06757955
1631,0.055047046,0.06874977
1632,0.05560117,0.06803697
1633,0.05560117,0.06927721
1634,0.05560117,0.069744006
1635,0.05560117,0.068645105
1636,0.05560117,0.06874171
1637,0.05560117,0.0679761
1638,0.0641278,0.069594145
1639,0.08380465,0.07105775
1640,0.10348147,0.0680182
1641,0.11255288,0.067619875
1642,0.10775563,0.06831373
1643,0.10295838,0.06806283
1644,0.09816114,0.068532676
1645,0.09336389,0.06601088
1646,0.08856667,0.07237525
1647,0.08376942,0.07486358
1648,0.078972176,0.0680739
1649,0.074174926,0.06697331
1650,0.069377676,0.06551422
1651,0.06458043,0.06463964
1652,0.06709423,0.06636061
1653,0.07916866,0.066282466
1654,0.091243096,0.06524518
1655,0.1033175,0.06559116
1656,0.11539194,0.06550683
1657,0.12000556,0.06591104
1658,0.11486274,0.06614873
1659,0.10971994,0.06595318
1660,0.10457711,0.06596066
1661,0.09943431,0.06499161
1662,0.09429151,0.06390071
1663,0.089148685,0.06440717
1664,0.084005885,0.06431134
1665,0.078863055,0.06400256
1666,0.073720254,0.06431708
1667,0.07267411,0.06455733
1668,0.076985136,0.06403686
1669,0.08129615,0.065334946
1670,0.08560717,0.06726219
1671,0.08991819,0.0671449
1672,0.093575485,0.06696363
1673,0.09637795,0.06714055
1674,0.09918041,0.06639865
1675,0.10198287,0.06525938
1676,0.1047853,0.06413378
1677,0.10758776,0.06337005
1678,0.080766656,0.06426735
1679,0.044491652,0.06528635
1680,0.04651194,0.06431873
1681,0.048532248,0.063263014
1682,0.05055254,0.06389232
1683,0.052572828,0.06533739
1684,0.054593135,0.06532447
1685,0.056613423,0.06330046
1686,0.058633715,0.06301801
1687,0.060654033,0.064104855
1688,0.06267433,0.063383594
1689,0.06469461,0.06543571
1690,0.066714905,0.0661854
1691,0.0687352,0.0650983
1692,0.07075552,0.06564736
1693,0.0727758,0.066341
1694,0.074796095,0.065760985
1695,0.07681639,0.06526637
1696,0.08223746,0.06631069
1697,0.09210571,0.06691292
1698,0.10197393,0.065723
1699,0.10250162,0.06505248
1700,0.09081478,0.06528115
1701,0.07912793,0.06439729
1702,0.07322061,0.06370926
1703,0.07487121,0.064806774
1704,0.076521784,0.0654695
1705,0.07817236,0.06441933
1706,0.079822935,0.06415422
1707,0.081473514,0.06399928
1708,0.083124086,0.06526174
1709,0.084774666,0.06713787
1710,0.08642524,0.06639895
1711,0.08807581,0.06567012
1712,0.08972639,0.06609154
1713,0.091872886,0.06627323
1714,0.0946679,0.06760833
1715,0.0974629,0.06750211
1716,0.10025791,0.06586178
1717,0.10305292,0.065090194
1718,0.10584792,0.065943286
1719,0.1086429,0.06567575
1720,0.11143791,0.06527321
1721,0.11275045,0.06616147
1722,0.11212438,0.06657374
1723,0.11149829,0.06614849
1724,0.11087223,0.06463659
1725,0.11418002,0.06570776
1726,0.12263212,0.06724535
1727,0.15358289,0.065329045
1728,0.19020642,0.0651291
1729,0.19577405,0.06407361
1730,0.2013417,0.058474634
1731,0.20690936,0.055051293
1732,0.1702605,0.0542708
1733,0.1182093,0.05356722
1734,0.07906432,0.054370154
1735,0.027734226,0.05605955
1736,0.02741,0.05592503
1737,0.027085776,0.054820318
1738,0.026761565,0.053057756
1739,0.02643734,0.053568307
1740,0.026113113,0.053784315
1741,0.025788903,0.05356578
1742,0.025464678,0.053766284
1743,0.025140468,0.053764384
1744,0.024816241,0.05370875
1745,0.024492018,0.053824175
1746,0.024167806,0.054533403
1747,0.02384358,0.055025566
1748,0.023519356,0.05432144
1749,0.023195146,0.055563997
1750,0.02287092,0.054904427
1751,0.024764596,0.05244324
1752,0.029558582,0.05466442
1753,0.034352582,0.056177903
1754,0.03914657,0.055340204
1755,0.04394057,0.0571676
1756,0.05412443,0.058947843
1757,0.07135657,0.05853733
1758,0.08858871,0.058133762
1759,0.09731011,0.057846073
1760,0.09490211,0.058464106
1761,0.092494085,0.05875733
1762,0.09008609,0.0580921
1763,0.08767809,0.057170216
1764,0.08527009,0.057203297
1765,0.082862094,0.0581461
1766,0.08045407,0.059534576
1767,0.07804607,0.060293574
1768,0.07563807,0.059394475
1769,0.073230065,0.05783045
1770,0.070822045,0.05774839
1771,0.06841404,0.057794575
1772,0.06698529,0.0576451
1773,0.066837065,0.0578139
1774,0.06668885,0.05841655
1775,0.06654063,0.059720684
1776,0.066392414,0.0599222
1777,0.06624422,0.05986819
1778,0.06609601,0.059491646
1779,0.065947786,0.058938604
1780,0.06579957,0.058612052
1781,0.06565135,0.05967005
1782,0.065503135,0.06061894
1783,0.06535491,0.059479658
1784,0.0652067,0.057471152
1785,0.06505848,0.05672271
1786,0.06491029,0.058278035
1787,0.06476207,0.05827168
1788,0.06461386,0.05669352
1789,0.064465635,0.056770798
1790,0.06431742,0.057171974
1791,0.0641692,0.057265792
1792,0.064020984,0.057762805
1793,0.06387276,0.058159765
1794,0.06372455,0.05804694
1795,0.063576356,0.058974583
1796,0.06342814,0.058818463
1797,0.06327992,0.05785312
1798,0.063131705,0.05703594
1799,0.06298348,0.056299854
1800,0.06283527,0.05657794
1801,0.06268705,0.05734021
1802,0.06253883,0.058040615
1803,0.06239061,0.05772352
1804,0.062242422,0.056423914
1805,0.062094204,0.056342144
1806,0.061945986,0.056989502
1807,0.06145073,0.058155175
1808,0.060501684,0.059809465
1809,0.059552602,0.059040774
1810,0.05860355,0.058219817
1811,0.057654504,0.05902646
1812,0.056705423,0.059019323
1813,0.05575637,0.058941316
1814,0.054807324,0.05920357
1815,0.053858243,0.058558185
1816,0.052909195,0.05700152
1817,0.05196013,0.056977805
1818,0.051011078,0.057792205
1819,0.050062016,0.058028813
1820,0.04911295,0.056809578
1821,0.0481639,0.056422297
1822,0.047214836,0.05672874
1823,0.04626577,0.05717464
1824,0.04531672,0.057521354
1825,0.04617805,0.057999093
1826,0.049406797,0.057252456
1827,0.052635554,0.056585345
1828,0.055864327,0.05772027
1829,0.059304845,0.05832543
1830,0.06304192,0.05741265
1831,0.06677896,0.056470353
1832,0.07051603,0.056932475
1833,0.07425307,0.057230722
1834,0.07799011,0.056969527
1835,0.076878,0.057487044
1836,0.06942467,0.05786824
1837,0.061971314,0.05710012
1838,0.058014203,0.057226013
1839,0.058629114,0.057639282
1840,0.059244025,0.05708899
1841,0.05985891,0.05666713
1842,0.06047382,0.056013796
1843,0.061088704,0.0557785
1844,0.061703615,0.0553306
1845,0.062318526,0.054674383
1846,0.06293341,0.05486584
1847,0.06354832,0.055534896
1848,0.06416323,0.055134643
1849,0.06477811,0.05424672
1850,0.06539302,0.05457172
1851,0.066007905,0.05600192
1852,0.066622816,0.057434592
1853,0.06723773,0.056655224
1854,0.06785262,0.055804607
1855,0.06846753,0.056150716
1856,0.06908244,0.056418713
1857,0.06969732,0.05682006
1858,0.07031223,0.057329368
1859,0.07092711,0.05721732
1860,0.071542025,0.056941595
1861,0.072156936,0.056751627
1862,0.07255964,0.056609724
1863,0.072684854,0.05697528
1864,0.072810076,0.056742344
1865,0.07293529,0.05537587
1866,0.07306048,0.055052433
1867,0.0731857,0.055504065
1868,0.07331092,0.055214208
1869,0.07343613,0.054646056
1870,0.073561355,0.0546563
1871,0.07368657,0.054543737
1872,0.07381179,0.05459814
1873,0.07393701,0.054724958
1874,0.07406223,0.05589619
1875,0.07418744,0.05656345
1876,0.074312665,0.055584308
1877,0.07443788,0.055104647
1878,0.0745631,0.055326466
1879,0.074688315,0.054471564
1880,0.07481354,0.053218182
1881,0.07493873,0.05395094
1882,0.075063944,0.05460703
1883,0.075189166,0.05438881
1884,0.07531438,0.05457635
1885,0.0754396,0.054596413
1886,0.07556482,0.05477616
1887,0.07569004,0.05503453
1888,0.07581525,0.055645335
1889,0.075940475,0.055689845
1890,0.07606569,0.05461823
1891,0.07619091,0.055883814
1892,0.079033025,0.05740377
1893,0.08542798,0.057554092
1894,0.09182296,0.05809355
1895,0.098217934,0.059395503
1896,0.10461292,0.060260188
1897,0.11100787,0.059694644
1898,0.11740285,0.058981504
1899,0.12379783,0.058870826
1900,0.10420594,0.059043493
1901,0.07370055,0.05899671
1902,0.073362656,0.058834102
1903,0.07302479,0.05882773
1904,0.072686896,0.05913988
1905,0.072349,0.059335504
1906,0.072011136,0.057910282
1907,0.07167324,0.05762964
1908,0.071335346,0.058204737
1909,0.070997484,0.05859031
1910,0.07413915,0.059365306
1911,0.081831,0.05923946
1912,0.08952285,0.05771399
1913,0.097214706,0.058204103
1914,0.1006211,0.059333418
1915,0.09842342,0.058155965
1916,0.09622574,0.058167476
1917,0.09402806,0.059364904
1918,0.09183041,0.059685353
1919,0.08963273,0.058821823
1920,0.087435044,0.058600772
1921,0.0852374,0.058840167
1922,0.083039716,0.058354925
1923,0.08084203,0.059739295
1924,0.07864436,0.05913012
1925,0.076446705,0.05743094
1926,0.07424902,0.057501193
1927,0.07205134,0.0581041
1928,0.07103105,0.05918804
1929,0.07155038,0.060132507
1930,0.07206971,0.059496116
1931,0.07258904,0.05768081
1932,0.073108375,0.057032738
1933,0.0736277,0.05680151
1934,0.07414704,0.057168905
1935,0.074666366,0.057210054
1936,0.0751857,0.056385856
1937,0.075705,0.05721086
1938,0.076224335,0.05798096
1939,0.07674366,0.057344366
1940,0.07726299,0.05705036
1941,0.077782325,0.057315316
1942,0.07830165,0.05777477
1943,0.07882099,0.057914365
1944,0.07934032,0.058626596
1945,0.07985965,0.058918644
1946,0.08037898,0.05892658
1947,0.080898315,0.05857632
1948,0.08141764,0.05700479
1949,0.08193697,0.057931233
1950,0.082456306,0.058676492
1951,0.08297563,0.057361063
1952,0.08349497,0.057804126
1953,0.0840143,0.058669742
1954,0.08453363,0.05825411
1955,0.08505296,0.057260353
1956,0.08557229,0.056754094
1957,0.08609162,0.056900684
1958,0.08661095,0.057391237
1959,0.08613008,0.057415176
1960,0.08434127,0.056978334
1961,0.08255247,0.05639487
1962,0.08076369,0.056603383
1963,0.07897488,0.057521496
1964,0.07718608,0.05756646
1965,0.07539727,0.058199916
1966,0.07360846,0.058956023
1967,0.071819656,0.057853375
1968,0.070030846,0.05683751
1969,0.068242066,0.056291003
1970,0.06645326,0.057497915
1971,0.06466445,0.058244
1972,0.06287564,0.057058472
1973,0.06470291,0.057130303
1974,0.071258865,0.057172086
1975,0.07781485,0.05696192
1976,0.0843708,0.057601828
1977,0.090926774,0.058113765
1978,0.097482726,0.05828542
1979,0.10403871,0.058183316
1980,0.11059466,0.05796841
1981,0.11715064,0.0583768
1982,0.12370659,0.05926526
1983,0.10362459,0.05962446
1984,0.07116177,0.058872115
1985,0.06806118,0.058997635
1986,0.0649606,0.060040373
1987,0.08479146,0.06002489
1988,0.10697562,0.058532257
1989,0.093022935,0.05790579
1990,0.079070285,0.05879702
1991,0.07375499,0.05863251
1992,0.07973469,0.058474492
1993,0.08571439,0.058730397
1994,0.091694124,0.05914105
1995,0.09767383,0.059192482
1996,0.10365353,0.059639458
1997,0.10963326,0.060792614
1998,0.13046262,0.06067961
1999,0.15253776,0.059963856
2000,0.15084834,0.060220685
2001,0.14915891,0.06090412
2002,0.1474695,0.061176118
2003,0.14578009,0.061030712
2004,0.14409064,0.060004946
2005,0.14240123,0.059509587
2006,0.14071178,0.059856106
2007,0.13902238,0.0597994
2008,0.12496503,0.05860037
2009,0.094734244,0.058108795
2010,0.07784521,0.058462504
2011,0.078403145,0.057806756
2012,0.07896111,0.05786724
2013,0.07951905,0.05905888
